{"cameraMode":{"drawMode":0,"name":"Shaded","section":"Shading Mode"},"sceneLighting":true,"audioPlay":false,"sceneViewState":{"m_AlwaysRefresh":false,"showFog":true,"showSkybox":true,"showFlares":true,"showImageEffects":true,"showParticleSystems":true,"showVisualEffectGraphs":true,"m_FxEnabled":true},"in2DMode":false,"pivot":{"x":15.668469429016114,"y":1.7107219696044922,"z":8.177213668823243},"rotation":{"x":-0.009875722229480744,"y":0.3398708999156952,"z":0.0035655945539474489,"w":0.9404224157333374},"size":11.144551277160645,"orthographic":false}